epoch,train_loss,train_nll,train_mmd,train_graph_l1,train_acyclicity,val_mse,val_mae,val_mmd,val_energy_distance,val_mean_gene_correlation,val_coverage_90
1.0,0.23120300968488058,0.0717719489087661,0.637687474489212,0.018334102506438892,0.00018564860026041666,0.1563996821641922,0.3266765922307968,0.604946106672287,1.8989176154136658,0.2623385184416714,1.0
2.0,0.13393720984458923,-0.022636401855076354,0.6262571414311727,0.018609154348572094,0.00021870930989583334,0.1651098132133484,0.32425591349601746,0.6285880506038666,1.9878450632095337,0.29453853999373236,0.99603271484375
3.0,-0.09115142912681524,-0.22642438113689423,0.5410505334536234,0.020567582299311955,0.0003197987874348958,0.14205225557088852,0.29948753118515015,0.5248739719390869,1.636295199394226,0.3102368612542049,0.9382527470588684
4.0,-0.3243556370337804,-0.42566757400830585,0.40520045657952625,0.023548440386851627,0.0004952748616536459,0.13457801938056946,0.2915269583463669,0.5121059864759445,1.5002678632736206,0.3912609885500022,0.9622802734375
5.0,-0.44363437096277875,-0.5360875725746155,0.3697585066159566,0.026996548287570477,0.0007960001627604166,0.11236261203885078,0.25958487391471863,0.4021933078765869,1.0606457889080048,0.5154280392473254,0.97552490234375
6.0,-0.5405931770801544,-0.6117094059785207,0.2844032148520152,0.030596279849608738,0.0012842814127604167,0.10111404582858086,0.2414502426981926,0.3027866780757904,0.8078646063804626,0.544872131978837,0.9750569760799408
7.0,-0.6202612121899923,-0.6806840399901072,0.24162532885869345,0.03262671766181787,0.0016256968180338542,0.09552523866295815,0.2352445423603058,0.28670811653137207,0.7796862125396729,0.5782662356292082,0.9698893129825592
8.0,-0.6897514661153158,-0.743463416894277,0.2147800624370575,0.033522392312685646,0.0018113454182942708,0.08606692776083946,0.22021353244781494,0.2486245185136795,0.6820208728313446,0.6271821681455974,0.9737752377986908
9.0,-0.7446340421835581,-0.7940670152505239,0.19766326248645782,0.03399150756498178,0.0019423166910807292,0.08196838200092316,0.21308033913373947,0.22210731357336044,0.6159304082393646,0.6484472234546644,0.9593912959098816
10.0,-0.7870221436023712,-0.8338740766048431,0.18733769158522287,0.03457598822812239,0.0021514892578125,0.07535527274012566,0.204966738820076,0.20042870193719864,0.5464267581701279,0.6909606888111746,0.9560546875
11.0,-0.8279818197091421,-0.8707303702831268,0.17092294742663702,0.03516365525623163,0.0023701985677083335,0.06750224158167839,0.19181585311889648,0.16887862235307693,0.46608759462833405,0.7247216974686876,0.9594523012638092
12.0,-0.8711073199907938,-0.9076038201649984,0.1459138219555219,0.03559565792481104,0.0025463104248046875,0.0634563509374857,0.18750309944152832,0.1513860747218132,0.4366016834974289,0.7422597897307507,0.9587809145450592
13.0,-0.9032459358374277,-0.9384584228197733,0.1407778486609459,0.03555567003786564,0.002528508504231771,0.061605995520949364,0.18433696031570435,0.14596955105662346,0.4267968684434891,0.7500481969141889,0.9611002504825592
14.0,-0.9267000059286753,-0.9594229161739349,0.13081920519471169,0.0357464204231898,0.002590815226236979,0.05832095444202423,0.1792783960700035,0.13834087178111076,0.40205465257167816,0.7611287934574164,0.9521484375
15.0,-0.9440677861372629,-0.9769140680631002,0.13131252924601236,0.035814002777139343,0.002589543660481771,0.05887887068092823,0.18091797828674316,0.13931620493531227,0.41210661828517914,0.763856275381037,0.9549560546875
16.0,-0.9600383043289185,-0.9915614823500315,0.12601923818389574,0.03619210049510002,0.0026880900065104165,0.057488080114126205,0.17827383428812027,0.1397651955485344,0.4054085910320282,0.7726261838050532,0.9556884765625
17.0,-0.9770002464453379,-1.0087463061014812,0.1269105114042759,0.03635874638954798,0.0027300516764322915,0.05585737153887749,0.17280687391757965,0.1268821582198143,0.3793485015630722,0.7798761997713859,0.9493815004825592
18.0,-1.002132813135783,-1.0325881640116374,0.1217472143471241,0.03660358985265096,0.0028171539306640625,0.055668752640485764,0.17300397157669067,0.11947358772158623,0.37029486894607544,0.7910718015172586,0.9409586787223816
19.0,-1.014975478251775,-1.0450364251931508,0.120169202486674,0.03681287169456482,0.0028826395670572915,0.052564553916454315,0.16698503494262695,0.12304110452532768,0.36186468601226807,0.805848351007374,0.9514974057674408
20.0,-1.0502766172091167,-1.0786741971969604,0.11351531371474266,0.037038574616114296,0.002941131591796875,0.0510974433273077,0.16423191130161285,0.11892000958323479,0.3510331064462662,0.815589534480373,0.9469400942325592
21.0,-1.0720058878262837,-1.0998836755752563,0.11143558472394943,0.037168321510156,0.002990086873372396,0.05043957568705082,0.1609451100230217,0.1117488481104374,0.341632604598999,0.8207382332453027,0.9480794370174408
22.0,-1.0809558828671773,-1.1091122229894002,0.11254984512925148,0.03711045905947685,0.0029932657877604165,0.04883828945457935,0.15747693181037903,0.10492393001914024,0.32373033463954926,0.8296106073428082,0.9450886845588684
23.0,-1.0900554458300273,-1.1177671750386555,0.11077107737461726,0.03722544262806574,0.00304412841796875,0.04741524159908295,0.1578659638762474,0.11678573489189148,0.34575946629047394,0.837806664222212,0.9503580629825592
24.0,-1.1170408725738525,-1.143528441588084,0.10587404544154803,0.037400877103209496,0.003067652384440104,0.04550911486148834,0.15567605197429657,0.11214306578040123,0.3371358662843704,0.8480508037045862,0.9519856572151184
25.0,-1.142167369524638,-1.1672421892484028,0.10022335623701413,0.03737314728399118,0.0030530293782552085,0.04300948046147823,0.1516895294189453,0.10363274440169334,0.3220743015408516,0.8571207713921516,0.9422200620174408
26.0,-1.1629761854807537,-1.1874120036760967,0.09766693040728569,0.037371704975763954,0.00307464599609375,0.040335314348340034,0.14542701095342636,0.09260505810379982,0.29428473860025406,0.8634344104745806,0.939697265625
27.0,-1.193725009759267,-1.2155747016270955,0.08732214197516441,0.03755228407680988,0.0031369527180989585,0.03815438598394394,0.14170267432928085,0.08901208639144897,0.28513773530721664,0.8690180021943348,0.9380289614200592
28.0,-1.2048171559969585,-1.2261319557825725,0.08518296976884206,0.037447707106669746,0.0031038920084635415,0.03724725730717182,0.14063294231891632,0.08926524594426155,0.2836676314473152,0.8742506085316395,0.9433186948299408
